{
  "id": "3664910",
  "name": "esb",
  "font_family": "iconfont",
  "css_prefix_text": "icon-",
  "description": "",
  "glyphs": [
    {
      "icon_id": "11488224",
      "name": "add-cart-fill",
      "font_class": "add-cart-fill",
      "unicode": "e776",
      "unicode_decimal": 59254
    },
    {
      "icon_id": "11488232",
      "name": "cart- full-fill",
      "font_class": "cart-full-fill",
      "unicode": "e77a",
      "unicode_decimal": 59258
    },
    {
      "icon_id": "11488233",
      "name": "cart-Empty-fill",
      "font_class": "cart-Empty-fill",
      "unicode": "e77b",
      "unicode_decimal": 59259
    },
    {
      "icon_id": "12011694",
      "name": "cart-Empty",
      "font_class": "cart-Empty",
      "unicode": "e7b2",
      "unicode_decimal": 59314
    },
    {
      "icon_id": "8776842",
      "name": "search",
      "font_class": "icon-test2",
      "unicode": "e63d",
      "unicode_decimal": 58941
    },
    {
      "icon_id": "8776873",
      "name": "setting",
      "font_class": "icon-test3",
      "unicode": "e63f",
      "unicode_decimal": 58943
    },
    {
      "icon_id": "8777250",
      "name": "user",
      "font_class": "icon-test4",
      "unicode": "e64d",
      "unicode_decimal": 58957
    },
    {
      "icon_id": "8777494",
      "name": "star",
      "font_class": "icon-test5",
      "unicode": "e657",
      "unicode_decimal": 58967
    },
    {
      "icon_id": "8777495",
      "name": "star_filled",
      "font_class": "icon-test6",
      "unicode": "e658",
      "unicode_decimal": 58968
    }
  ]
}
